zeitstempel,symbol,richtung,quelle_nachricht_id,entry_geplant,entry_tatsaechlich,slippage,stop,ziel,stueckzahl,risiko,exit_grund,exit_preis,pnl,pnl_in_r,dauer_minuten
2026-08-28T10:50:58.617661-04:00,DIA,long,71491,536.62,536.6,-0.01999999999998181,535.6291846400358,538.6016307199285,732,0.9908153599642446,stop,535.62,-717.3600000000133,-0.9890843840323421,66.63062595
2026-09-01T05:33:02.263562-04:00,UK100,short,71513,10699.94,10699.94,-0.0,10729.733781325414,10640.352437349173,10.06,29.793781325413875,channel_close_signal_korrigiert,10710.10263034961,-102.23606131705934,-0.3410990447506452,0.3229726166666667
2026-09-01T05:32:18.943569-04:00,GER40,long,71505,25967.51,25967.51,0.0,25915.9359980139,26070.658003972192,5.81,51.574001986096846,channel_close_signal_korrigiert,25937.049769589852,-176.97393868294066,-0.5906121153513755,1.1294868833333331
2026-09-01T09:46:06.355812-04:00,NAS100,long,71532,29066.3,29066.3,0.0,28966.271436437466,29266.357127125066,2.95,100.02856356253324,channel_close_signal,29162.13,282.69850000000514,0.958026353543438,49.051656200000004
2026-09-01T09:31:18.674951-04:00,US30,short,71529,52823.72,52947.97,-124.25,52948.73353705177,52573.69292589647,2.39,125.01353705176734,channel_close_signal,53166.67,-522.692999999993,-1.7494105451110846,63.93740541666667
2026-09-02T03:55:58.510818-04:00,GER40,long,71550,25861.22,25861.22,0.0,25805.579123710344,25972.501752579316,5.11,55.64087628965717,channel_close_signal,25861.92,3.5769999999851283,0.012580678930234774,0.5894966833333334
2026-09-02T03:02:16.484740-04:00,UK100,long,71547,10783.29,10783.29,0.0,10729.37355,10891.122900000002,5.27,53.91645000000062,stop,10741.49,-220.28600000000574,-0.7752735946079649,100.51305803333334
2026-09-02T04:04:47.012755-04:00,GER40,long,71553,25886.22,25886.22,0.0,25756.7889,26145.082200000004,2.18,129.4311000000016,stop,25761.42,-272.0640000000064,-0.9642195731937793,91.08092871666666
2026-09-02T09:34:59.142893-04:00,US30,long,71570,53013.48,53013.48,0.0,52937.476444511514,53165.48711097698,3.54,76.00355548848893,channel_close_signal,53080.78,238.24199999998456,0.8854848903771155,27.326057600000002
2026-09-02T10:02:34.029361-04:00,US30,long,71577,53067.23,53067.23,0.0,52942.26007253203,53317.16985493595,2.15,124.96992746797332,channel_close_signal,53103.03,76.9699999999906,0.2864689187658389,9.331534033333332
2026-09-02T09:37:49.144255-04:00,NAS100,long,71571,29013.51,29013.51,0.0,28913.446161407137,29213.63767718572,2.68,100.06383859286143,target,29102.58,238.707600000009,0.8901317524146792,40.98672083333334
2026-09-02T10:18:52.675849-04:00,US30,long,71588,53135.48,53135.48,0.0,53077.76068617429,53250.91862765143,4.89,57.71931382571347,channel_close_signal,53145.28,47.92199999997865,0.16978718821202995,2.5274298
2026-09-03T03:01:32.042349-04:00,GER40,short,71596,25842.63,25842.63,-0.0,25882.649558652727,25762.59088269455,7.1,40.01955865272612,stop,25879.33,-260.57000000000517,-0.9170515926591994,4.310872666666667
2026-09-03T03:06:00.419459-04:00,GER40,long,71598,25882.13,25882.13,0.0,25842.132889816105,25962.124220367794,2.13,39.99711018389644,stop,25857.33,-52.82399999999845,-0.6200447953858477,19.852771766666667
2026-09-03T03:55:59.428928-04:00,UK100,short,71599,10745.38,10745.38,-0.0,10772.335798569171,10691.468402861656,10.12,26.955798569171748,channel_close_signal,10745.38,-0.0,-0.0,0.24642081666666668
2026-09-03T04:04:44.844516-04:00,UK100,short,71604,10750.88,10750.88,-0.0,10765.874253835425,10720.891492329147,18.11,14.994253835426207,stop,10763.38,-226.375,-0.8336526870358061,32.00826745
2026-09-03T04:21:00.690555-04:00,GER40,long,71606,25911.13,25911.13,0.0,25851.12738324971,26031.135233500583,2.09,60.002616750291054,channel_close_signal,25892.33,-39.291999999998474,-0.3133196686777511,35.005337616666665
2026-09-03T10:02:15.903664-04:00,US30,long,71622,53411.32,53411.32,0.0,53288.33538133214,53657.289237335724,0.97,122.98461866786238,channel_close_signal,53304.37,-103.74149999999717,-0.8696209425085174,8.797291683333333
2026-09-03T09:40:58.399271-04:00,NAS100,long,71617,29287.48,29287.48,0.0,29187.379241233168,29487.681517533663,2.6,100.10075876683186,channel_close_signal,29304.55,44.381999999999245,0.1705281779108333,40.53195233333334
2026-09-04T03:01:29.777499-04:00,GER40,short,71636,25988.03,25988.03,-0.0,26038.035830286703,25888.01833942659,5.17,50.00583028670371,channel_close_signal,26007.23,-99.26400000000376,-0.3839552286187298,9.488157033333332
2026-09-04T03:06:03.852963-04:00,GER40,short,71638,25963.23,25963.23,-0.0,26093.04615,25703.597700000002,1.99,129.81614999999874,channel_close_signal,26001.23,-75.62,-0.2927216682978225,4.934419683333333
2026-09-04T03:05:56.840898-04:00,UK100,long,71637,10786.23,10786.23,0.0,10751.245471226022,10856.199057547954,7.39,34.98452877397722,channel_close_signal,10810.18,176.99050000000537,0.6845883263065593,5.065562433333333
2026-09-04T03:16:08.153145-04:00,GER40,long,71641,26019.03,26019.03,0.0,25918.7156192702,26219.6587614596,2.59,100.31438072980018,channel_close_signal,26038.23,49.728000000001884,0.19139828068835424,2.7236588833333335
2026-09-04T03:17:48.608005-04:00,GER40,long,71644,26037.03,26037.03,0.0,25906.844849999998,26297.4003,1.99,130.18515000000116,channel_close_signal,26038.23,2.388000000001448,0.009217641182582783,1.0689899333333335
2026-09-04T03:16:15.253623-04:00,UK100,long,71642,10814.23,10814.23,0.0,10779.219543057996,10884.250913884007,7.42,35.01045694200366,stop,10815.43,8.904000000005398,0.0342754738102556,52.54494858333333
2026-09-04T03:17:42.097800-04:00,UK100,long,71643,10824.73,10824.73,0.0,10770.60635,10932.977299999999,4.8,54.12364999999954,stop,10812.93,-56.639999999996505,-0.21801929470757003,53.1879656
2026-09-04T09:36:00.376279-04:00,NAS100,long,71656,29591.77,29591.77,0.0,29491.730209601083,29791.849580797836,2.6,100.03979039891783,channel_close_signal,29633.84,109.38199999999925,0.42053266837367137,21.825233833333336
2026-09-04T09:44:52.145372-04:00,NAS100,long,71657,29565.52,29565.52,0.0,29465.609483644228,29765.341032711545,2.6,99.91051635577242,channel_close_signal,29633.84,177.63199999999924,0.6838118998076067,12.982118133333334
2026-09-04T09:54:49.705258-04:00,NAS100,long,71661,29612.02,29612.02,0.0,29512.013177980414,29812.033644039173,1.75,100.00682201958625,channel_close_signal,29633.84,38.18499999999949,0.21818511536869234,3.0427086333333335
2026-09-04T09:56:45.072829-04:00,NAS100,long,71662,29634.52,29634.52,0.0,29534.49799378966,29834.56401242068,2.6,100.0220062103399,channel_close_signal,29633.84,-1.7680000000007567,-0.006798503906933185,1.1400634166666668
2026-09-04T09:33:14.192039-04:00,US30,long,71655,53605.43,53605.43,0.0,53480.319302251766,53855.65139549647,2.08,125.11069774823409,channel_close_signal,53495.98,-227.65599999999395,-0.874825270499636,24.673956433333334
2026-09-04T09:49:47.204137-04:00,US30,long,71659,53583.18,53583.18,0.0,53443.11941000747,53863.30117998506,1.86,140.06058999252855,channel_close_signal,53495.98,-162.1919999999946,-0.6225876958297029,8.141964183333334
2026-09-04T10:21:07.617712-04:00,NAS100,short,71669,29544.22,29544.22,-0.0,29644.2478304442,29344.1643391116,2.58,100.02783044419994,stop,29514.84,75.80040000000263,0.2937182569044174,14.715148683333332
2026-09-04T10:27:51.440664-04:00,NAS100,short,71670,29536.34,29536.34,-0.0,29635.602307082507,29337.815385834987,2.6,99.2623070825066,stop,29514.84,55.9,0.21659782682795445,7.98476615
2026-09-04T10:01:31.295181-04:00,UK100,long,71664,10817.73,10817.73,0.0,10763.64135,10925.907299999999,4.78,54.08864999999969,stop,10826.43,41.58600000000348,0.16084705386436485,36.14157071666667
2026-09-07T03:02:51.667031-04:00,GER40,long,71681,26049.92,26049.92,0.0,26011.887997541107,26125.98400491778,0.27,38.03200245889093,channel_close_signal,26044.12,-1.5659999999998035,-0.15250314537785736,8.120880233333333
2026-09-07T03:03:41.868149-04:00,GER40,long,71682,26056.92,26056.92,0.0,25956.888827738705,26256.982344522585,2.63,100.03117226129325,channel_close_signal,26044.12,-33.66399999999808,-0.1279601119395478,7.302070133333333
2026-09-07T03:14:55.186367-04:00,UK100,long,71685,10828.14,10828.14,0.0,10807.126143609647,10870.167712780705,12.47,21.013856390352885,stop,10807.34,-259.37599999999094,-0.9898230773837501,14.955286
2026-09-07T03:09:44.176609-04:00,UK100,long,71683,10820.64,10820.64,0.0,10785.634694518902,10890.650610962195,4.87,35.00530548109782,safety_stop,10807.34,-64.77099999999646,-0.3799424063641157,20.138781966666667
2026-09-07T03:15:02.131710-04:00,GER40,long,71686,26043.92,26043.92,0.0,25943.89726399877,26243.965472002455,2.01,100.02273600122862,safety_stop,25993.12,-102.10799999999853,-0.5078845273676104,14.839530283333334
2026-09-09T09:31:26.660488-04:00,US30,short,71766,52490.85,52490.85,-0.0,52753.304249999994,51965.94150000001,0.94,262.4542499999952,channel_close_signal,52520.05,-27.448000000004104,-0.11125748582850116,4.141861766666667
2026-09-09T09:35:36.644741-04:00,NAS100,long,71769,29465.45,29465.45,0.0,29318.122750000002,29760.104499999998,1.67,147.32724999999846,channel_close_signal,29452.77,-21.175600000000486,-0.08606690208362963,0.05342951666666666
2026-09-09T09:36:20.073571-04:00,US30,short,71772,52461.55,52461.55,-0.0,52561.58651625403,52261.47696749195,0.94,100.03651625402563,channel_close_signal,52413.05,45.589999999999996,0.48482296081605386,3.5901669
2026-09-09T09:42:56.047388-04:00,NAS100,long,71776,29454.95,29454.95,0.0,29403.389123664652,29558.071752670698,4.79,51.56087633534844,channel_close_signal,29441.9,-62.509499999996514,-0.2530988789857441,1.9877247833333334
2026-09-09T09:51:08.837757-04:00,US30,short,71781,52394.8,52394.8,-0.0,52494.7641314468,52194.87173710641,2.47,99.96413144679536,channel_close_signal,52408.55,-33.962500000000006,-0.1375493369571091,14.829964566666666
2026-09-09T10:04:50.070313-04:00,NAS100,long,71785,29558.7,29558.7,0.0,29535.11846621289,29605.86306757422,10.48,23.581533787109947,stop,29544.77,-145.98640000000304,-0.5907164532111416,4.884946116666667
2026-09-09T10:18:49.547328-04:00,NAS100,short,71789,29477.77,29477.77,-0.0,29625.158849999996,29182.99230000001,1.63,147.38884999999573,channel_close_signal,29492.27,-23.634999999999998,-0.09837921932358126,0.0348481
2026-09-09T10:18:47.439207-04:00,US30,short,71788,52385.55,52385.55,-0.0,52485.596312830276,52185.45737433946,0.91,100.04631283027265,channel_close_signal,52455.05,-63.245000000000005,-0.6946782748296372,10.158225850000001
2026-09-10T03:01:32.046781-04:00,GER40,short,71809,25557.59,25557.59,-0.0,25685.37795,25302.014100000004,1.86,127.78794999999809,channel_close_signal,25576.79,-35.71200000000135,-0.1502489084456008,5.495095983333333
2026-09-10T03:04:48.775613-04:00,GER40,short,71810,25551.29,25551.29,-0.0,25679.046449999998,25295.777100000007,1.86,127.75644999999713,channel_close_signal,25576.79,-47.43,-0.19959853298992397,2.2324548500000003
2026-09-10T03:09:42.063230-04:00,GER40,long,71815,25599.59,25599.59,0.0,25542.597591688474,25713.57481662305,1.84,56.99240831152565,channel_close_signal,25580.79,-34.59199999999866,-0.329868495769415,21.968472316666666
2026-09-10T03:24:48.737669-04:00,GER40,long,71818,25609.09,25609.09,0.0,25569.09563782811,25689.078724343777,5.88,39.9943621718885,channel_close_signal,25580.79,-166.4039999999957,-0.7075997331416617,6.874952449999999
2026-09-10T03:18:57.279128-04:00,UK100,long,71816,10680.22,10680.22,0.0,10655.230014506997,10730.199970986005,9.43,24.989985493002678,stop,10654.92,-238.57899999999313,-1.0124055496984343,35.866845733333335
2026-09-10T03:48:51.615633-04:00,GER40,short,71824,25544.79,25544.79,-0.0,25584.89218212924,25464.585635741525,1.79,40.10218212923792,stop,25579.29,-61.755,-0.8603023119494178,12.734665716666665
2026-09-10T03:32:48.652470-04:00,GER40,short,71823,25558.29,25558.29,-0.0,25598.269805406082,25478.33038918784,1.78,39.97980540608114,channel_close_signal,25579.29,-37.38,-0.5252651879292487,28.9061917
2026-09-10T03:32:10.899616-04:00,UK100,short,71821,10661.42,10661.42,-0.0,10681.605270123346,10621.049459753309,4.41,20.185270123345617,channel_close_signal,10657.92,15.435,0.1733937657813167,29.5538217
2026-09-10T03:53:47.306868-04:00,UK100,short,71826,10656.92,10656.92,-0.0,10681.909260423017,10606.941479153966,4.29,24.989260423017186,channel_close_signal,10657.92,-4.29,-0.040017190708009784,7.966292266666667
2026-09-10T04:17:47.647473-04:00,GER40,short,71836,25530.79,25530.79,-0.0,25576.088207999434,25440.193584001136,1.7,45.298207999432634,channel_close_signal,25538.79,-13.6,-0.17660742782805453,16.027348516666667
2026-09-10T04:05:17.129569-04:00,UK100,short,71834,10651.42,10651.42,-0.0,10704.677099999999,10544.905800000002,4.09,53.2570999999989,channel_close_signal,10645.42,24.54,0.11266103486671494,29.58393111666667
2026-09-10T04:18:53.417797-04:00,UK100,short,71837,10645.92,10645.92,-0.0,10664.411697259337,10608.936605481327,11.79,18.491697259336433,channel_close_signal,10645.42,5.895,0.027039162116260076,15.998145733333333
2026-09-10T08:51:13.053912-04:00,US30,long,71849,52297.18,52297.18,0.0,52221.15211676039,52449.235766479214,2.87,76.02788323960704,channel_close_signal,52286.33,-31.139499999995824,-0.14271079948134335,33.676502633333335
2026-09-10T09:01:41.252461-04:00,US30,long,71857,52288.68,52288.68,0.0,52027.2366,52811.56680000001,0.83,261.44340000000375,channel_close_signal,52286.33,-1.9504999999987922,-0.0089885611952664,23.219909483333332
2026-09-10T09:03:00.391302-04:00,US30,long,71858,52311.93,52311.93,0.0,52230.48168709796,52474.826625804075,0.83,81.44831290203729,channel_close_signal,52286.33,-21.24799999999879,-0.31430976392094434,21.921189483333333
2026-09-10T09:04:46.586745-04:00,US30,long,71859,52321.18,52321.18,0.0,52221.15690650384,52521.22618699232,2.19,100.02309349615825,channel_close_signal,52286.33,-76.32149999999682,-0.3484195377474212,20.164821733333333
2026-09-10T08:57:27.498546-04:00,NAS100,short,71854,29026.96,29026.96,-0.0,29089.983796526052,28900.912406947893,1.5,63.02379652605305,stop,29093.58,-99.93000000000393,-1.0570610415775723,33.833511816666665
2026-09-10T09:31:23.642245-04:00,US30,short,71870,52102.83,52102.83,-0.0,52363.34415,51581.80170000001,0.79,260.5141499999954,channel_close_signal,52139.08,-28.637500000000003,-0.13914791192724324,0.7161813833333334
2026-09-10T09:31:25.769693-04:00,US30,short,71871,52100.08,52100.08,-0.0,52360.5804,51579.07920000001,0.79,260.50039999999717,channel_close_signal,52139.08,-30.810000000000002,-0.1497118622466623,0.6958103166666666
2026-09-10T08:52:57.010280-04:00,NAS100,short,71852,29056.96,29056.96,-0.0,29099.876335317545,28971.127329364906,1.5,42.91633531754633,channel_close_signal,29084.96,-42.0,-0.6524322217361418,39.190332233333336
2026-09-10T09:31:21.522105-04:00,NAS100,long,71869,29098.13,29098.13,0.0,28952.63935,29389.1113,1.42,145.49064999999973,channel_close_signal,29084.96,-18.701400000002685,-0.09052128092081461,0.797422
2026-09-10T09:36:01.007470-04:00,NAS100,long,71875,29087.51,29087.51,0.0,29012.546054842533,29237.43789031493,2.72,74.96394515746579,channel_close_signal,29093.46,16.18400000000198,0.07937148968750822,2.81153995
2026-09-10T10:05:55.216474-04:00,US30,short,71881,52055.03,52055.03,-0.0,52275.97257137093,51613.14485725814,0.92,220.9425713709279,stop,52157.28,-94.07000000000001,-0.4627899429500995,19.048872416666665
2026-09-10T10:09:44.766580-04:00,US30,short,71882,52024.78,52024.78,-0.0,52225.50075698682,51623.33848602636,0.78,200.72075698681874,stop,52236.03,-164.775,-1.0524571707044363,15.223037316666668
2026-09-10T10:26:56.279521-04:00,US30,long,71885,52234.73,52234.73,0.0,52030.43196376634,52643.326072467324,0.95,204.29803623366024,channel_close_signal,52198.28,-34.62750000000415,-0.17841581187944308,9.376847283333332
2026-09-10T10:26:00.225204-04:00,NAS100,long,71884,29216.01,29216.01,0.0,29099.968960298826,29448.092079402344,1.68,116.04103970117285,channel_close_signal,29224.21,13.776000000001222,0.07066465468697321,10.3300395
2026-09-11T03:02:49.844376-04:00,GER40,long,71900,25479.49,25479.49,0.0,25439.5049240849,25559.460151830204,1.52,39.98507591510133,channel_close_signal,25450.19,-44.53600000000442,-0.7327733993106426,6.259773716666667
2026-09-11T03:09:44.477507-04:00,GER40,short,71902,25440.69,25440.69,-0.0,25480.686368352784,25360.697263294427,4.82,39.996368352785794,channel_close_signal,25456.19,-74.71000000000001,-0.38753518477685506,4.087378316666666
2026-09-11T03:33:44.042913-04:00,GER40,long,71905,25436.49,25436.49,0.0,25396.489386698435,25516.491226603135,1.49,40.00061330156677,channel_close_signal,25423.69,-19.072000000004337,-0.3199950936627652,26.11904345
2026-09-11T08:51:04.221915-04:00,US30,long,71916,52547.57,52547.57,0.0,52464.63579891063,52713.438402178734,0.72,82.93420108936698,channel_close_signal,52571.47,17.208000000001046,0.2881802644273097,4.8747899666666665
2026-09-11T08:51:06.494220-04:00,NAS100,long,71917,29389.48,29389.48,0.0,29322.668224187746,29523.103551624507,1.29,66.81177581225347,channel_close_signal,29414.18,31.86300000000094,0.36969530744714435,4.85219075
2026-09-11T09:31:18.657818-04:00,NAS100,short,71926,29328.06,29328.06,-0.0,29474.700299999997,29034.77940000001,1.31,146.64029999999548,channel_close_signal,29355.81,-36.3525,-0.18923856538755618,0.04511741666666667
