kanal_zeitstempel,nachricht_id,text,geparst_json,aktion
2026-10-05T10:16:13+00:00,72525,This morning's trades....,"{""is_signal"": false, ""action"": null, ""index"": null, ""direction"": null, ""entry_level"": null, ""stop_level"": null, ""target_level"": null}",kein_signal
2026-10-05T12:47:16+00:00,72526,"I am absolutely aware this is a small position, and it was never intended to be a Swing The Bat trade. I am posting it because I think we should begin to consider taking signals in the US during EU hours.

There are points to be made.","{""is_signal"": false, ""action"": null, ""index"": null, ""direction"": null, ""entry_level"": null, ""stop_level"": null, ""target_level"": null}",kein_signal
2026-10-05T15:26:44+00:00,72527,"https://t.me/c/1238535538/72512

About to go live","{""is_signal"": false, ""action"": null, ""index"": null, ""direction"": null, ""entry_level"": null, ""stop_level"": null, ""target_level"": null}",kein_signal
2026-10-05T15:31:45+00:00,72528,I have issue with OBS...,"{""is_signal"": false, ""action"": null, ""index"": null, ""direction"": null, ""entry_level"": null, ""stop_level"": null, ""target_level"": null}",kein_signal
2026-10-05T15:33:46+00:00,72530,https://youtube.com/live/AluYp2LdCUY?feature=share,"{""is_signal"": false, ""action"": null, ""index"": null, ""direction"": null, ""entry_level"": null, ""stop_level"": null, ""target_level"": null}",kein_signal
2026-10-05T15:34:23+00:00,72531,ALL 3 ARE WORKING,"{""is_signal"": false, ""action"": null, ""index"": null, ""direction"": null, ""entry_level"": null, ""stop_level"": null, ""target_level"": null}",kein_signal
2026-10-05T15:37:18+00:00,72532,"🇺🇸 DOW JONES INDEX
BOUGHT LONG ⬆️️ = 100%

ENTRY = 51,025

STOP = 505825","{""is_signal"": true, ""action"": ""open"", ""index"": ""DOW"", ""direction"": ""long"", ""entry_level"": 51025.0, ""stop_level"": 505825.0, ""target_level"": null}",volumen_zu_klein
2026-10-05T15:41:32+00:00,72533,"🇺🇸 NASDAQ INDEX
BOUGHT LONG ⬆️️ = 100%

ENTRY = 30,926

STOP = 30826","{""is_signal"": true, ""action"": ""open"", ""index"": ""NASDAQ"", ""direction"": ""long"", ""entry_level"": 30926.0, ""stop_level"": 30826.0, ""target_level"": null}",trade_eroeffnet
2026-10-05T15:46:25+00:00,72534,"CLOSED DOW,,,MINUS 150 or 140...","{""is_signal"": true, ""action"": ""close"", ""index"": ""DOW"", ""direction"": null, ""entry_level"": null, ""stop_level"": null, ""target_level"": null}",schliessung_ohne_position
2026-10-05T15:53:49+00:00,72535,"🇺🇸 DOW JONES INDEX
SOLD SHORT 🔻 = 100%

ENTRY = 50864

STOP = 51014","{""is_signal"": true, ""action"": ""open"", ""index"": ""DOW"", ""direction"": ""short"", ""entry_level"": 50864.0, ""stop_level"": 51014.0, ""target_level"": null}",trade_eroeffnet
2026-10-05T16:02:27+00:00,72536,"🇺🇸 DOW JONES INDEX
BOUGHT LONG ⬆️️ = 100%

ENTRY = 50,954

STOP = 50,804","{""is_signal"": true, ""action"": ""open"", ""index"": ""DOW"", ""direction"": ""long"", ""entry_level"": 50954.0, ""stop_level"": 50804.0, ""target_level"": null}",trade_eroeffnet
2026-10-05T16:03:24+00:00,72537,STOPPED MSELF OUT OF DOW FOR MINUS 80,"{""is_signal"": true, ""action"": ""close"", ""index"": ""DOW"", ""direction"": null, ""entry_level"": null, ""stop_level"": null, ""target_level"": null}",trade_geschlossen
2026-10-05T16:05:37+00:00,72538,"🇺🇸 DOW JONES INDEX
BOUGHT LONG ⬆️️ = 100%

ENTRY = 50,988

STOP = 50838","{""is_signal"": true, ""action"": ""open"", ""index"": ""DOW"", ""direction"": ""long"", ""entry_level"": 50988.0, ""stop_level"": 50838.0, ""target_level"": null}",trade_eroeffnet
2026-10-05T16:07:22+00:00,72539,"🇺🇸 DOW JONES INDEX
BOUGHT LONG ⬆️️ = 100%

ENTRY = 51,039

STOP = 51,889","{""is_signal"": true, ""action"": ""open"", ""index"": ""DOW"", ""direction"": ""long"", ""entry_level"": 51039.0, ""stop_level"": 51889.0, ""target_level"": null}",trade_eroeffnet
2026-10-05T16:10:22+00:00,72540,CLOSED DOW ALL OF IT,"{""is_signal"": true, ""action"": ""close"", ""index"": ""DOW"", ""direction"": null, ""entry_level"": null, ""stop_level"": null, ""target_level"": null}",trade_geschlossen
2026-10-05T16:10:35+00:00,72541,PLUS 225 in DOW,"{""is_signal"": true, ""action"": ""close"", ""index"": ""DOW"", ""direction"": null, ""entry_level"": null, ""stop_level"": null, ""target_level"": null}",schliessung_ohne_position
2026-10-05T16:13:17+00:00,72542,CLOSED NASDAQ... need a 5min break... need to throw something at someone,"{""is_signal"": true, ""action"": ""close"", ""index"": ""NASDAQ"", ""direction"": null, ""entry_level"": null, ""stop_level"": null, ""target_level"": null}",trade_geschlossen
2026-10-05T16:16:57+00:00,72544,"🇺🇸 DOW JONES INDEX
BOUGHT LONG ⬆️️ = 100%

ENTRY = 51,101

STOP = 50,951","{""is_signal"": true, ""action"": ""open"", ""index"": ""DOW"", ""direction"": ""long"", ""entry_level"": 51101.0, ""stop_level"": 50951.0, ""target_level"": null}",trade_eroeffnet
2026-10-05T16:18:15+00:00,72545,"🇺🇸 DOW JONES INDEX
BOUGHT LONG ⬆️️ = 100%

ENTRY = 51,104

STOP = 50,951","{""is_signal"": true, ""action"": ""open"", ""index"": ""DOW"", ""direction"": ""long"", ""entry_level"": 51104.0, ""stop_level"": 50951.0, ""target_level"": null}",trade_eroeffnet
2026-10-05T16:21:07+00:00,72546,CLOSING MY DOW NOW,"{""is_signal"": true, ""action"": ""close"", ""index"": ""DOW"", ""direction"": null, ""entry_level"": null, ""stop_level"": null, ""target_level"": null}",trade_geschlossen
2026-10-05T16:21:28+00:00,72547,"LADIES AND GENTS

I just need a 10min break,.","{""is_signal"": false, ""action"": null, ""index"": null, ""direction"": null, ""entry_level"": null, ""stop_level"": null, ""target_level"": null}",kein_signal
2026-10-05T17:02:31+00:00,72550,I am done for today. I am back tomorrow. Thank you for being part of today. It was rough and yet it ended well.,"{""is_signal"": false, ""action"": null, ""index"": null, ""direction"": null, ""entry_level"": null, ""stop_level"": null, ""target_level"": null}",kein_signal
2026-10-05T18:17:55+00:00,72551,When Tom calls you while you are on a job...,"{""is_signal"": false, ""action"": null, ""index"": null, ""direction"": null, ""entry_level"": null, ""stop_level"": null, ""target_level"": null}",kein_signal
2026-10-05T18:18:28+00:00,72552,:))))),"{""is_signal"": false, ""action"": null, ""index"": null, ""direction"": null, ""entry_level"": null, ""stop_level"": null, ""target_level"": null}",kein_signal
2026-10-05T18:18:49+00:00,72553,you photoshopped those bombs???????????????????,"{""is_signal"": false, ""action"": null, ""index"": null, ""direction"": null, ""entry_level"": null, ""stop_level"": null, ""target_level"": null}",kein_signal
2026-10-05T18:37:47+00:00,72554,AI was a little generous 😂,"{""is_signal"": false, ""action"": null, ""index"": null, ""direction"": null, ""entry_level"": null, ""stop_level"": null, ""target_level"": null}",kein_signal
2026-10-06T08:39:53+00:00,72555,Remember when I played the AUTOBAHN song for you yesterday???,"{""is_signal"": false, ""action"": null, ""index"": null, ""direction"": null, ""entry_level"": null, ""stop_level"": null, ""target_level"": null}",kein_signal
2026-10-06T08:40:42+00:00,72556,YOUTUBE disapproved. :))),"{""is_signal"": false, ""action"": null, ""index"": null, ""direction"": null, ""entry_level"": null, ""stop_level"": null, ""target_level"": null}",kein_signal
2026-10-06T08:46:26+00:00,72557,"🚨
🚨
Good morning,

Streaming starts at 9am European time.


📺📺 YouTube 📺📺

Once live on YouTube, I will post the URL here. Click to watch me live with account and charts.



⚠️⚠️ NEW LINK TO AUDIO ⚠️⚠️

Low-Latency Audio Feed
To avoid YouTube latency, use the audio-only feed (latency ≤0.5s) or combine it with YouTube:

https://streaming.tradertom.com/



📱📱 Telegram Stream  📱📱

Tune in directly via the Telegram app icon when live. Note: Telegram has latency.


🤩 Disclaimer 🤩

I trade live with real money. No fake accounts. Wins and losses are public. 

By participating, you agree to:  https://t.me/c/1238535538/50930  And the stipulations at: https://tradertom.com/disclaimer/

See you at 9am Central European Time.

Stay strong.

Tom Hougaard","{""is_signal"": false, ""action"": null, ""index"": null, ""direction"": null, ""entry_level"": null, ""stop_level"": null, ""target_level"": null}",kein_signal
2026-10-06T08:56:59+00:00,72559,https://youtube.com/live/144yrzacR0A?feature=share,"{""is_signal"": false, ""action"": null, ""index"": null, ""direction"": null, ""entry_level"": null, ""stop_level"": null, ""target_level"": null}",kein_signal
2026-10-06T09:02:59+00:00,72560,"🇩🇪  GERMAN DAX INDEX
BOUGHT LONG ⬆️️ = 100%

ENTRY = 25,386

STOP = 25,286","{""is_signal"": true, ""action"": ""open"", ""index"": ""DAX"", ""direction"": ""long"", ""entry_level"": 25386.0, ""stop_level"": 25286.0, ""target_level"": null}",trade_eroeffnet
2026-10-06T09:05:27+00:00,72561,"Because the HOURLY trend is so strongly higher, I decided to follow the trend and do an ANTI EXPRESSO","{""is_signal"": false, ""action"": null, ""index"": null, ""direction"": null, ""entry_level"": null, ""stop_level"": null, ""target_level"": null}",kein_signal
2026-10-06T09:07:50+00:00,72562,"STOP LOSS TO 25,337","{""is_signal"": false, ""action"": null, ""index"": null, ""direction"": null, ""entry_level"": null, ""stop_level"": null, ""target_level"": null}",kein_signal
2026-10-06T09:09:47+00:00,72563,"I have placed a sell short order at 10,666 in FTSE","{""is_signal"": true, ""action"": ""open"", ""index"": ""FTSE"", ""direction"": ""short"", ""entry_level"": 10666.0, ""stop_level"": null, ""target_level"": null}",trade_eroeffnet
2026-10-06T09:10:17+00:00,72564,"🇬🇧 FTSE 100 INDEX
🔻SOLD SHORT  = 100%

ENTRY = 10,566.6

STOP = 10,601","{""is_signal"": true, ""action"": ""open"", ""index"": ""FTSE"", ""direction"": ""short"", ""entry_level"": 10566.6, ""stop_level"": 10601.0, ""target_level"": null}",trade_eroeffnet
2026-10-06T09:16:42+00:00,72565,"🇩🇪  GERMAN DAX INDEX
BOUGHT LONG ⬆️️ = 100%

ENTRY = 25,470

STOP = 25,370","{""is_signal"": true, ""action"": ""open"", ""index"": ""DAX"", ""direction"": ""long"", ""entry_level"": 25470.0, ""stop_level"": 25370.0, ""target_level"": null}",trade_eroeffnet
2026-10-06T09:30:00+00:00,72566,"CLOSED DAX

MINUS 12 in total... completely messed that trade up","{""is_signal"": true, ""action"": ""close"", ""index"": ""DAX"", ""direction"": null, ""entry_level"": null, ""stop_level"": null, ""target_level"": null}",trade_geschlossen
2026-10-06T09:31:27+00:00,72567,"🇩🇪  GERMAN DAX INDEX
SOLD SHORT 🔻 = 100%

ENTRY = 25,394

STOP = 25,494","{""is_signal"": true, ""action"": ""open"", ""index"": ""DAX"", ""direction"": ""short"", ""entry_level"": 25394.0, ""stop_level"": 25494.0, ""target_level"": null}",trade_eroeffnet
2026-10-06T09:45:58+00:00,72569,The two trades this morning and my NIKKEI LOSS 😡,"{""is_signal"": false, ""action"": null, ""index"": null, ""direction"": null, ""entry_level"": null, ""stop_level"": null, ""target_level"": null}",kein_signal
2026-10-06T09:46:14+00:00,72570,THE TWO OPEN TRADES,"{""is_signal"": false, ""action"": null, ""index"": null, ""direction"": null, ""entry_level"": null, ""stop_level"": null, ""target_level"": null}",kein_signal
2026-10-06T09:50:14+00:00,72571,DAX STOPPED OUT,"{""is_signal"": true, ""action"": ""close"", ""index"": ""DAX"", ""direction"": null, ""entry_level"": null, ""stop_level"": null, ""target_level"": null}",trade_geschlossen
2026-10-06T10:06:00+00:00,72572,I DECIDED TO CLOSE THE FTSE TO GIVE MYSELF A BREAK..,"{""is_signal"": true, ""action"": ""close"", ""index"": ""FTSE"", ""direction"": null, ""entry_level"": null, ""stop_level"": null, ""target_level"": null}",trade_geschlossen
2026-10-06T13:35:05+00:00,72573,"Dear everyone, 

I may have to be late for the US session. My appointment is running late. I apologise, and I will update you as well as I can.

Kind regards

Tom","{""is_signal"": false, ""action"": null, ""index"": null, ""direction"": null, ""entry_level"": null, ""stop_level"": null, ""target_level"": null}",kein_signal
2026-10-06T15:00:47+00:00,72574,"UPDATE

I am unable to run the US session until much later today. I am not sure the ""opening surge"" will be long gone. I suspect it will. I think the US session is a write off. I am very sorry.  I will see you tomorrow.

Tom","{""is_signal"": false, ""action"": null, ""index"": null, ""direction"": null, ""entry_level"": null, ""stop_level"": null, ""target_level"": null}",kein_signal
2026-10-08T15:39:37+00:00,72685,"🇺🇸 DOW JONES INDEX
BOUGHT LONG ⬆️️ = 100%

ENTRY = 51063.5

STOP = 50963.5","{""is_signal"": true, ""action"": ""open"", ""index"": ""DOW"", ""direction"": ""long"", ""entry_level"": 51063.5, ""stop_level"": 50963.5, ""target_level"": null}",trade_eroeffnet
2026-10-08T15:44:28+00:00,72686,SL in DOW to 51051,"{""is_signal"": false, ""action"": null, ""index"": null, ""direction"": null, ""entry_level"": null, ""stop_level"": null, ""target_level"": null}",kein_signal
2026-10-08T15:45:29+00:00,72687,"CLOSE TRADE ALERT 

🇺🇸 CLOSING DOW INDEX trade now","{""is_signal"": true, ""action"": ""close"", ""index"": ""DOW"", ""direction"": null, ""entry_level"": null, ""stop_level"": null, ""target_level"": null}",trade_geschlossen
2026-10-08T15:45:36+00:00,72688,scalped out +17,"{""is_signal"": false, ""action"": null, ""index"": null, ""direction"": null, ""entry_level"": null, ""stop_level"": null, ""target_level"": null}",kein_signal
2026-10-08T15:46:26+00:00,72689,No open orders & positions,"{""is_signal"": false, ""action"": null, ""index"": null, ""direction"": null, ""entry_level"": null, ""stop_level"": null, ""target_level"": null}",kein_signal
2026-10-08T15:54:28+00:00,72690,"🇺🇸 NASDAQ INDEX
SOLD SHORT 🔻 = 100%

ENTRY = 30947.6

STOP = 31022.6","{""is_signal"": true, ""action"": ""open"", ""index"": ""NASDAQ"", ""direction"": ""short"", ""entry_level"": 30947.6, ""stop_level"": 31022.6, ""target_level"": null}",trade_eroeffnet
2026-10-08T15:55:57+00:00,72691,move SL in Nasdaq to 30988.3,"{""is_signal"": false, ""action"": null, ""index"": null, ""direction"": null, ""entry_level"": null, ""stop_level"": null, ""target_level"": null}",kein_signal
2026-10-08T16:01:59+00:00,72692,"CLOSE TRADE ALERT 

🇺🇸 CLOSING DOW INDEX trade now","{""is_signal"": true, ""action"": ""close"", ""index"": ""DOW"", ""direction"": null, ""entry_level"": null, ""stop_level"": null, ""target_level"": null}",schliessung_ohne_position
2026-10-08T16:02:31+00:00,72693,scratch,"{""is_signal"": false, ""action"": null, ""index"": null, ""direction"": null, ""entry_level"": null, ""stop_level"": null, ""target_level"": null}",kein_signal
2026-10-08T16:03:50+00:00,72694,"CLOSE TRADE ALERT 

🇺🇸 CLOSING NASDAQ INDEX trade now","{""is_signal"": true, ""action"": ""close"", ""index"": ""NASDAQ"", ""direction"": null, ""entry_level"": null, ""stop_level"": null, ""target_level"": null}",trade_geschlossen
2026-10-08T16:04:11+00:00,72695,-23.5,"{""is_signal"": false, ""action"": null, ""index"": null, ""direction"": null, ""entry_level"": null, ""stop_level"": null, ""target_level"": null}",kein_signal
2026-10-08T16:12:00+00:00,72696,needed a short break. Not executing well..,"{""is_signal"": false, ""action"": null, ""index"": null, ""direction"": null, ""entry_level"": null, ""stop_level"": null, ""target_level"": null}",kein_signal
2026-10-08T16:15:27+00:00,72697,"🇺🇸 DOW JONES INDEX
SOLD SHORT 🔻 = 50%

ENTRY = 51177.7

STOP = 51277.7","{""is_signal"": true, ""action"": ""open"", ""index"": ""DOW"", ""direction"": ""short"", ""entry_level"": 51177.7, ""stop_level"": 51277.7, ""target_level"": null}",trade_eroeffnet
2026-10-08T16:18:37+00:00,72698,"🇺🇸 NASDAQ INDEX
BOUGHT LONG ⬆️️ = 100%

ENTRY = 31031.4

STOP = 30956.4","{""is_signal"": true, ""action"": ""open"", ""index"": ""NASDAQ"", ""direction"": ""long"", ""entry_level"": 31031.4, ""stop_level"": 30956.4, ""target_level"": null}",trade_eroeffnet
2026-10-08T16:19:51+00:00,72699,SL in DOW to 51234.6,"{""is_signal"": false, ""action"": null, ""index"": null, ""direction"": null, ""entry_level"": null, ""stop_level"": null, ""target_level"": null}",kein_signal
2026-10-08T16:20:20+00:00,72700,"🇺🇸 NASDAQ INDEX
BOUGHT LONG ⬆️️ = 100%

ENTRY = 31052.5

STOP = 30977.5","{""is_signal"": true, ""action"": ""open"", ""index"": ""NASDAQ"", ""direction"": ""long"", ""entry_level"": 31052.5, ""stop_level"": 30977.5, ""target_level"": null}",trade_eroeffnet
2026-10-08T16:22:33+00:00,72701,stopps in Nasdaq to 31009,"{""is_signal"": false, ""action"": null, ""index"": null, ""direction"": null, ""entry_level"": null, ""stop_level"": null, ""target_level"": null}",kein_signal
2026-10-08T16:23:07+00:00,72702,"CLOSE TRADE ALERT 

🇺🇸 CLOSING NASDAQ INDEX trade now","{""is_signal"": true, ""action"": ""close"", ""index"": ""NASDAQ"", ""direction"": null, ""entry_level"": null, ""stop_level"": null, ""target_level"": null}",trade_geschlossen
2026-10-08T16:23:14+00:00,72703,"STOP LOSS ALERT 

🇺🇸 MOVING STOP TO BREAKEVEN in DOW INDEX now","{""is_signal"": false, ""action"": null, ""index"": null, ""direction"": null, ""entry_level"": null, ""stop_level"": null, ""target_level"": null}",kein_signal
2026-10-08T16:23:33+00:00,72704,+46 and +23,"{""is_signal"": false, ""action"": null, ""index"": null, ""direction"": null, ""entry_level"": null, ""stop_level"": null, ""target_level"": null}",kein_signal
2026-10-08T16:24:48+00:00,72705,Target in Dow 51120.7,"{""is_signal"": false, ""action"": null, ""index"": null, ""direction"": null, ""entry_level"": null, ""stop_level"": null, ""target_level"": null}",kein_signal
2026-10-08T16:24:56+00:00,72706,Target hit,"{""is_signal"": false, ""action"": null, ""index"": null, ""direction"": null, ""entry_level"": null, ""stop_level"": null, ""target_level"": null}",kein_signal
2026-10-08T16:25:23+00:00,72707,+57.6 (+28.8 full points),"{""is_signal"": false, ""action"": null, ""index"": null, ""direction"": null, ""entry_level"": null, ""stop_level"": null, ""target_level"": null}",kein_signal
2026-10-08T16:30:19+00:00,72708,Status,"{""is_signal"": false, ""action"": null, ""index"": null, ""direction"": null, ""entry_level"": null, ""stop_level"": null, ""target_level"": null}",kein_signal
2026-10-09T07:49:17+00:00,72711,"Good morning, Europe! 🇪🇺

The coffee is strong, the charts are open, and the DAX will soon begin its daily attempt to separate traders from their money.

I’ll start streaming at 08:55 CEST, 5 minutes before the DAX cash open.

Once the machinery is running and YouTube confirms that I do, in fact, exist, I’ll post the link here in Telegram.

The Faster Path

YouTube comes with some latency. For those who prefer to hear my questionable decisions almost as quickly as I make them, there is a low-latency audio feed:

https://divergent.uk/tom/

If your connection allows it, combine the YouTube video with the Divergent audio for the best experience.

Questions

Comments and chat are disabled both here and on YouTube. If you have a question that might be useful to discuss on stream, send me a private message on Telegram.

Thoughtful questions are always welcome.

Questions answered by Google, the pinned messages or the manual may be subjected to German levels of customer service. 🇩🇪

The Serious Bit

I trade live using a real account. You will see winners, losers, good decisions and occasionally decisions whose brilliance becomes considerably less obvious five minutes later.

This is not financial advice. Please do not copy my trades.

Trading involves risk, and past performance is not indicative of future results. Always do your own research.

By watching or listening, you accept the terms set out here:

https://tradertom.com/disclaimer/

Coffee ready.

Charts ready.

Whether the DAX intends to cooperate remains entirely outside my jurisdiction.

See you at 08:55 CEST.

Karaoke Andi","{""is_signal"": false, ""action"": null, ""index"": null, ""direction"": null, ""entry_level"": null, ""stop_level"": null, ""target_level"": null}",kein_signal
2026-10-09T08:56:01+00:00,72713,https://youtube.com/live/UF4ammYuatw?feature=share,"{""is_signal"": false, ""action"": null, ""index"": null, ""direction"": null, ""entry_level"": null, ""stop_level"": null, ""target_level"": null}",kein_signal
2026-10-09T08:56:13+00:00,72714,Live on all 3,"{""is_signal"": false, ""action"": null, ""index"": null, ""direction"": null, ""entry_level"": null, ""stop_level"": null, ""target_level"": null}",kein_signal
2026-10-09T09:05:24+00:00,72717,New orders: Karaoke Expresso,"{""is_signal"": false, ""action"": null, ""index"": null, ""direction"": null, ""entry_level"": null, ""stop_level"": null, ""target_level"": null}",kein_signal
2026-10-09T09:05:40+00:00,72718,old orders deleted,"{""is_signal"": false, ""action"": null, ""index"": null, ""direction"": null, ""entry_level"": null, ""stop_level"": null, ""target_level"": null}",kein_signal
2026-10-09T09:07:42+00:00,72719,move sl to 958,"{""is_signal"": false, ""action"": null, ""index"": null, ""direction"": null, ""entry_level"": null, ""stop_level"": null, ""target_level"": null}",kein_signal
2026-10-09T09:08:27+00:00,72720,stsopped out. short the DAX now,"{""is_signal"": true, ""action"": ""open"", ""index"": ""DAX"", ""direction"": ""short"", ""entry_level"": null, ""stop_level"": null, ""target_level"": null}",trade_eroeffnet
2026-10-09T09:08:31+00:00,72721,"🇩🇪  GERMAN DAX INDEX
SOLD SHORT 🔻 = 100%

ENTRY = 24957.3

STOP = 25007.3","{""is_signal"": true, ""action"": ""open"", ""index"": ""DAX"", ""direction"": ""short"", ""entry_level"": 24957.3, ""stop_level"": 25007.3, ""target_level"": null}",trade_eroeffnet
2026-10-09T09:12:38+00:00,72723,stopped out,"{""is_signal"": true, ""action"": ""close"", ""index"": ""DAX"", ""direction"": null, ""entry_level"": null, ""stop_level"": null, ""target_level"": null}",trade_geschlossen
2026-10-09T09:12:55+00:00,72724,"🇬🇧 FTSE 100 INDEX
BOUGHT LONG ⬆️️ = 100%

ENTRY = 10536.3

STOP = 10519.1","{""is_signal"": true, ""action"": ""open"", ""index"": ""FTSE"", ""direction"": ""long"", ""entry_level"": 10536.3, ""stop_level"": 10519.1, ""target_level"": null}",trade_eroeffnet
2026-10-09T09:16:37+00:00,72725,stopped out,"{""is_signal"": true, ""action"": ""close"", ""index"": ""FTSE"", ""direction"": null, ""entry_level"": null, ""stop_level"": null, ""target_level"": null}",trade_geschlossen
2026-10-09T09:20:47+00:00,72726,"🇩🇪  GERMAN DAX INDEX
BOUGHT LONG ⬆️️ = 100%

ENTRY = 25014.7

STOP = 24964.7","{""is_signal"": true, ""action"": ""open"", ""index"": ""DAX"", ""direction"": ""long"", ""entry_level"": 25014.7, ""stop_level"": 24964.7, ""target_level"": null}",trade_eroeffnet
2026-10-09T09:23:50+00:00,72727,"CLOSE TRADE ALERT 

🇩🇪 CLOSING DAX INDEX trade now","{""is_signal"": true, ""action"": ""close"", ""index"": ""DAX"", ""direction"": null, ""entry_level"": null, ""stop_level"": null, ""target_level"": null}",trade_geschlossen
2026-10-09T09:23:52+00:00,72728,scratch,"{""is_signal"": true, ""action"": ""close"", ""index"": ""DAX"", ""direction"": null, ""entry_level"": null, ""stop_level"": null, ""target_level"": null}",schliessung_ohne_position
2026-10-09T09:25:09+00:00,72729,"🇩🇪  GERMAN DAX INDEX
BOUGHT LONG ⬆️️ = 100%

ENTRY = 25032.4

STOP = 24980.5","{""is_signal"": true, ""action"": ""open"", ""index"": ""DAX"", ""direction"": ""long"", ""entry_level"": 25032.4, ""stop_level"": 24980.5, ""target_level"": null}",trade_eroeffnet
2026-10-09T09:36:06+00:00,72730,stopped out.,"{""is_signal"": true, ""action"": ""close"", ""index"": ""DAX"", ""direction"": null, ""entry_level"": null, ""stop_level"": null, ""target_level"": null}",trade_geschlossen
2026-10-09T09:36:13+00:00,72731,I am getting chopped up,"{""is_signal"": false, ""action"": null, ""index"": null, ""direction"": null, ""entry_level"": null, ""stop_level"": null, ""target_level"": null}",kein_signal
2026-10-09T09:38:30+00:00,72732,"🇬🇧 FTSE 100 INDEX
SOLD SHORT 🔻 = 100%

ENTRY = 10510.3

STOP = 10535.3","{""is_signal"": true, ""action"": ""open"", ""index"": ""FTSE"", ""direction"": ""short"", ""entry_level"": 10510.3, ""stop_level"": 10535.3, ""target_level"": null}",trade_eroeffnet
2026-10-09T09:38:31+00:00,72733,"🇩🇪  GERMAN DAX INDEX
SOLD SHORT 🔻 = 100%

ENTRY = 24961.5

STOP = 25011.5","{""is_signal"": true, ""action"": ""open"", ""index"": ""DAX"", ""direction"": ""short"", ""entry_level"": 24961.5, ""stop_level"": 25011.5, ""target_level"": null}",trade_eroeffnet
2026-10-09T09:45:03+00:00,72734,Stopped myself out. I am not reading this right,"{""is_signal"": false, ""action"": null, ""index"": null, ""direction"": null, ""entry_level"": null, ""stop_level"": null, ""target_level"": null}",kein_signal
2026-10-09T09:45:11+00:00,72735,I'll post status,"{""is_signal"": false, ""action"": null, ""index"": null, ""direction"": null, ""entry_level"": null, ""stop_level"": null, ""target_level"": null}",kein_signal
2026-10-09T09:46:49+00:00,72737,My worst DAX trading a long while.,"{""is_signal"": false, ""action"": null, ""index"": null, ""direction"": null, ""entry_level"": null, ""stop_level"": null, ""target_level"": null}",kein_signal
2026-10-09T11:06:21+00:00,72739,"Not officially taken, but you saw me execute. I was able to recover half of my losses this morning. Will certainly not give up! Tom is scheduled to do the US session. See you guys on Monday.","{""is_signal"": false, ""action"": null, ""index"": null, ""direction"": null, ""entry_level"": null, ""stop_level"": null, ""target_level"": null}",kein_signal
2026-10-09T13:02:44+00:00,72740,UPDATES COMING,"{""is_signal"": false, ""action"": null, ""index"": null, ""direction"": null, ""entry_level"": null, ""stop_level"": null, ""target_level"": null}",kein_signal
2026-10-09T13:04:05+00:00,72741,"I am in Los Angeles now.

I saw this picture from a news outlet. There is a hurricane warning in effect in the Florida area.","{""is_signal"": false, ""action"": null, ""index"": null, ""direction"": null, ""entry_level"": null, ""stop_level"": null, ""target_level"": null}",kein_signal
2026-10-09T13:04:28+00:00,72742,I thought it was the most incredible picture.,"{""is_signal"": false, ""action"": null, ""index"": null, ""direction"": null, ""entry_level"": null, ""stop_level"": null, ""target_level"": null}",kein_signal
2026-10-09T13:05:45+00:00,72743,"Here in Los Angeles it is burning hot. There is an extreme weather warning in place.

There is also a coastal flood warning in place here. 

Seems like I brought the bad weather to America.","{""is_signal"": false, ""action"": null, ""index"": null, ""direction"": null, ""entry_level"": null, ""stop_level"": null, ""target_level"": null}",kein_signal
2026-10-09T13:12:45+00:00,72744,"I traded the Nikkei during the Asia day, which is early evening in LA. 

I love trading Nikkei.. I made 180 points  ..which is really nothing in an index that moves 400 points in one 5min bar...


BUT....I have some important news. 

During my trading the Nikkei i lost connection to hotel WiFi twice.

Considering that running OBS and YouTube and Divergent and Telegram suck up bandwidth, i think it is wise to cancel stream today.

I simply do not want to trade size and then lose connection to YouTube and my trading account.

See it as a safety measure. I dont want to leave you hanging on a trade,  and you not knowing what i am doing.

So I am bidding you an early weekend and I will see you next week. 

Have a lovely weekend 

Tom","{""is_signal"": false, ""action"": null, ""index"": null, ""direction"": null, ""entry_level"": null, ""stop_level"": null, ""target_level"": null}",kein_signal
